Program,Sex,Accepted
A,Male,Yes
A,Male,Yes
A,Male,Yes
A,Male,Yes
A,Male,Yes
A,Male,Yes
A,Male,Yes
A,Male,Yes
A,Male,Yes
A,Male,Yes
A,Male,Yes
A,Male,Yes
A,Male,Yes
A,Male,Yes
A,Male,Yes
A,Male,Yes
A,Male,Yes
A,Male,Yes
A,Male,Yes
A,Male,Yes
A,Male,Yes
A,Male,Yes
A,Male,Yes
A,Male,Yes
A,Male,Yes
A,Male,Yes
A,Male,Yes
A,Male,Yes
A,Male,Yes
A,Male,Yes
A,Male,Yes
A,Male,Yes
A,Male,Yes
A,Male,Yes
A,Male,Yes
A,Male,Yes
A,Male,Yes
A,Male,Yes
A,Male,Yes
A,Male,Yes
A,Male,Yes
A,Male,Yes
A,Male,Yes
A,Male,Yes
A,Male,Yes
A,Male,Yes
A,Male,Yes
A,Male,Yes
A,Male,Yes
A,Male,Yes
A,Male,Yes
A,Male,Yes
A,Male,Yes
A,Male,Yes
A,Male,Yes
A,Male,Yes
A,Male,Yes
A,Male,Yes
A,Male,Yes
A,Male,Yes
A,Male,Yes
A,Male,Yes
A,Male,Yes
A,Male,Yes
A,Male,Yes
A,Male,Yes
A,Male,Yes
A,Male,Yes
A,Male,Yes
A,Male,Yes
A,Male,Yes
A,Male,Yes
A,Male,Yes
A,Male,Yes
A,Male,Yes
A,Male,Yes
A,Male,Yes
A,Male,Yes
A,Male,Yes
A,Male,Yes
A,Male,Yes
A,Male,Yes
A,Male,Yes
A,Male,Yes
A,Male,Yes
A,Male,Yes
A,Male,Yes
A,Male,Yes
A,Male,Yes
A,Male,Yes
A,Male,Yes
A,Male,Yes
A,Male,Yes
A,Male,Yes
A,Male,Yes
A,Male,Yes
A,Male,Yes
A,Male,Yes
A,Male,Yes
A,Male,Yes
A,Male,Yes
A,Male,Yes
A,Male,Yes
A,Male,Yes
A,Male,Yes
A,Male,Yes
A,Male,Yes
A,Male,Yes
A,Male,Yes
A,Male,Yes
A,Male,Yes
A,Male,Yes
A,Male,Yes
A,Male,Yes
A,Male,Yes
A,Male,Yes
A,Male,Yes
A,Male,Yes
A,Male,Yes
A,Male,Yes
A,Male,Yes
A,Male,Yes
A,Male,Yes
A,Male,Yes
A,Male,Yes
A,Male,Yes
A,Male,Yes
A,Male,Yes
A,Male,Yes
A,Male,Yes
A,Male,Yes
A,Male,Yes
A,Male,Yes
A,Male,Yes
A,Male,Yes
A,Male,Yes
A,Male,Yes
A,Male,Yes
A,Male,Yes
A,Male,Yes
A,Male,Yes
A,Male,Yes
A,Male,Yes
A,Male,Yes
A,Male,Yes
A,Male,Yes
A,Male,Yes
A,Male,Yes
A,Male,Yes
A,Male,Yes
A,Male,Yes
A,Male,Yes
A,Male,Yes
A,Male,Yes
A,Male,Yes
A,Male,Yes
A,Male,Yes
A,Male,Yes
A,Male,Yes
A,Male,Yes
A,Male,Yes
A,Male,Yes
A,Male,Yes
A,Male,Yes
A,Male,Yes
A,Male,Yes
A,Male,Yes
A,Male,Yes
A,Male,Yes
A,Male,Yes
A,Male,Yes
A,Male,Yes
A,Male,Yes
A,Male,Yes
A,Male,Yes
A,Male,Yes
A,Male,Yes
A,Male,Yes
A,Male,Yes
A,Male,Yes
A,Male,Yes
A,Male,Yes
A,Male,Yes
A,Male,Yes
A,Male,Yes
A,Male,Yes
A,Male,Yes
A,Male,Yes
A,Male,Yes
A,Male,Yes
A,Male,Yes
A,Male,Yes
A,Male,Yes
A,Male,Yes
A,Male,Yes
A,Male,Yes
A,Male,Yes
A,Male,Yes
A,Male,Yes
A,Male,Yes
A,Male,Yes
A,Male,Yes
A,Male,Yes
A,Male,Yes
A,Male,Yes
A,Male,Yes
A,Male,Yes
A,Male,Yes
A,Male,Yes
A,Male,Yes
A,Male,Yes
A,Male,Yes
A,Male,Yes
A,Male,Yes
A,Male,Yes
A,Male,Yes
A,Male,Yes
A,Male,Yes
A,Male,Yes
A,Male,Yes
A,Male,Yes
A,Male,Yes
A,Male,Yes
A,Male,Yes
A,Male,Yes
A,Male,Yes
A,Male,Yes
A,Male,Yes
A,Male,Yes
A,Male,Yes
A,Male,Yes
A,Male,Yes
A,Male,Yes
A,Male,Yes
A,Male,Yes
A,Male,Yes
A,Male,Yes
A,Male,Yes
A,Male,Yes
A,Male,Yes
A,Male,Yes
A,Male,Yes
A,Male,Yes
A,Male,Yes
A,Male,Yes
A,Male,Yes
A,Male,Yes
A,Male,Yes
A,Male,Yes
A,Male,Yes
A,Male,Yes
A,Male,Yes
A,Male,Yes
A,Male,Yes
A,Male,Yes
A,Male,Yes
A,Male,Yes
A,Male,Yes
A,Male,Yes
A,Male,Yes
A,Male,Yes
A,Male,Yes
A,Male,Yes
A,Male,Yes
A,Male,Yes
A,Male,Yes
A,Male,Yes
A,Male,Yes
A,Male,Yes
A,Male,Yes
A,Male,Yes
A,Male,Yes
A,Male,Yes
A,Male,Yes
A,Male,Yes
A,Male,Yes
A,Male,Yes
A,Male,Yes
A,Male,Yes
A,Male,Yes
A,Male,Yes
A,Male,Yes
A,Male,Yes
A,Male,Yes
A,Male,Yes
A,Male,Yes
A,Male,Yes
A,Male,Yes
A,Male,Yes
A,Male,Yes
A,Male,Yes
A,Male,Yes
A,Male,Yes
A,Male,Yes
A,Male,Yes
A,Male,Yes
A,Male,Yes
A,Male,Yes
A,Male,Yes
A,Male,Yes
A,Male,Yes
A,Male,Yes
A,Male,Yes
A,Male,Yes
A,Male,Yes
A,Male,Yes
A,Male,Yes
A,Male,Yes
A,Male,Yes
A,Male,Yes
A,Male,Yes
A,Male,Yes
A,Male,Yes
A,Male,Yes
A,Male,Yes
A,Male,Yes
A,Male,Yes
A,Male,Yes
A,Male,Yes
A,Male,Yes
A,Male,Yes
A,Male,Yes
A,Male,Yes
A,Male,Yes
A,Male,Yes
A,Male,Yes
A,Male,Yes
A,Male,Yes
A,Male,Yes
A,Male,Yes
A,Male,Yes
A,Male,Yes
A,Male,Yes
A,Male,Yes
A,Male,Yes
A,Male,Yes
A,Male,Yes
A,Male,Yes
A,Male,Yes
A,Male,Yes
A,Male,Yes
A,Male,Yes
A,Male,Yes
A,Male,Yes
A,Male,Yes
A,Male,Yes
A,Male,Yes
A,Male,Yes
A,Male,Yes
A,Male,Yes
A,Male,Yes
A,Male,Yes
A,Male,Yes
A,Male,Yes
A,Male,Yes
A,Male,Yes
A,Male,Yes
A,Male,Yes
A,Male,Yes
A,Male,Yes
A,Male,Yes
A,Male,Yes
A,Male,Yes
A,Male,Yes
A,Male,Yes
A,Male,Yes
A,Male,Yes
A,Male,Yes
A,Male,Yes
A,Male,Yes
A,Male,Yes
A,Male,Yes
A,Male,Yes
A,Male,Yes
A,Male,Yes
A,Male,Yes
A,Male,Yes
A,Male,Yes
A,Male,Yes
A,Male,Yes
A,Male,Yes
A,Male,Yes
A,Male,Yes
A,Male,Yes
A,Male,Yes
A,Male,Yes
A,Male,Yes
A,Male,Yes
A,Male,Yes
A,Male,Yes
A,Male,Yes
A,Male,Yes
A,Male,Yes
A,Male,Yes
A,Male,Yes
A,Male,Yes
A,Male,Yes
A,Male,Yes
A,Male,Yes
A,Male,Yes
A,Male,Yes
A,Male,Yes
A,Male,Yes
A,Male,Yes
A,Male,Yes
A,Male,Yes
A,Male,Yes
A,Male,Yes
A,Male,Yes
A,Male,Yes
A,Male,Yes
A,Male,Yes
A,Male,Yes
A,Male,Yes
A,Male,Yes
A,Male,Yes
A,Male,Yes
A,Male,Yes
A,Male,Yes
A,Male,Yes
A,Male,Yes
A,Male,Yes
A,Male,Yes
A,Male,Yes
A,Male,Yes
A,Male,Yes
A,Male,Yes
A,Male,Yes
A,Male,Yes
A,Male,Yes
A,Male,Yes
A,Male,Yes
A,Male,Yes
A,Male,Yes
A,Male,Yes
A,Male,Yes
A,Male,Yes
A,Male,Yes
A,Male,Yes
A,Male,Yes
A,Male,Yes
A,Male,Yes
A,Male,Yes
A,Male,Yes
A,Male,Yes
A,Male,Yes
A,Male,Yes
A,Male,Yes
A,Male,Yes
A,Male,Yes
A,Male,Yes
A,Male,Yes
A,Male,Yes
A,Male,Yes
A,Male,Yes
A,Male,Yes
A,Male,Yes
A,Male,Yes
A,Male,Yes
A,Male,Yes
A,Male,Yes
A,Male,Yes
A,Male,Yes
A,Male,Yes
A,Male,Yes
A,Male,Yes
A,Male,Yes
A,Male,Yes
A,Male,Yes
A,Male,Yes
A,Male,Yes
A,Male,Yes
A,Male,Yes
A,Male,Yes
A,Male,Yes
A,Male,Yes
A,Male,Yes
A,Male,Yes
A,Male,Yes
A,Male,Yes
A,Male,Yes
A,Male,Yes
A,Male,Yes
A,Male,Yes
A,Male,Yes
A,Male,Yes
A,Male,Yes
A,Male,Yes
A,Male,Yes
A,Male,Yes
A,Male,Yes
A,Male,Yes
A,Male,Yes
A,Male,Yes
A,Male,Yes
A,Male,Yes
A,Male,Yes
A,Male,Yes
A,Male,Yes
A,Male,Yes
A,Male,Yes
A,Male,Yes
A,Male,Yes
A,Male,Yes
A,Male,Yes
A,Male,Yes
A,Male,Yes
A,Male,Yes
A,Male,Yes
A,Male,Yes
A,Male,Yes
A,Male,No
A,Male,No
A,Male,No
A,Male,No
A,Male,No
A,Male,No
A,Male,No
A,Male,No
A,Male,No
A,Male,No
A,Male,No
A,Male,No
A,Male,No
A,Male,No
A,Male,No
A,Male,No
A,Male,No
A,Male,No
A,Male,No
A,Male,No
A,Male,No
A,Male,No
A,Male,No
A,Male,No
A,Male,No
A,Male,No
A,Male,No
A,Male,No
A,Male,No
A,Male,No
A,Male,No
A,Male,No
A,Male,No
A,Male,No
A,Male,No
A,Male,No
A,Male,No
A,Male,No
A,Male,No
A,Male,No
A,Male,No
A,Male,No
A,Male,No
A,Male,No
A,Male,No
A,Male,No
A,Male,No
A,Male,No
A,Male,No
A,Male,No
A,Male,No
A,Male,No
A,Male,No
A,Male,No
A,Male,No
A,Male,No
A,Male,No
A,Male,No
A,Male,No
A,Male,No
A,Male,No
A,Male,No
A,Male,No
A,Male,No
A,Male,No
A,Male,No
A,Male,No
A,Male,No
A,Male,No
A,Male,No
A,Male,No
A,Male,No
A,Male,No
A,Male,No
A,Male,No
A,Male,No
A,Male,No
A,Male,No
A,Male,No
A,Male,No
A,Male,No
A,Male,No
A,Male,No
A,Male,No
A,Male,No
A,Male,No
A,Male,No
A,Male,No
A,Male,No
A,Male,No
A,Male,No
A,Male,No
A,Male,No
A,Male,No
A,Male,No
A,Male,No
A,Male,No
A,Male,No
A,Male,No
A,Male,No
A,Male,No
A,Male,No
A,Male,No
A,Male,No
A,Male,No
A,Male,No
A,Male,No
A,Male,No
A,Male,No
A,Male,No
A,Male,No
A,Male,No
A,Male,No
A,Male,No
A,Male,No
A,Male,No
A,Male,No
A,Male,No
A,Male,No
A,Male,No
A,Male,No
A,Male,No
A,Male,No
A,Male,No
A,Male,No
A,Male,No
A,Male,No
A,Male,No
A,Male,No
A,Male,No
A,Male,No
A,Male,No
A,Male,No
A,Male,No
A,Male,No
A,Male,No
A,Male,No
A,Male,No
A,Male,No
A,Male,No
A,Male,No
A,Male,No
A,Male,No
A,Male,No
A,Male,No
A,Male,No
A,Male,No
A,Male,No
A,Male,No
A,Male,No
A,Male,No
A,Male,No
A,Male,No
A,Male,No
A,Male,No
A,Male,No
A,Male,No
A,Male,No
A,Male,No
A,Male,No
A,Male,No
A,Male,No
A,Male,No
A,Male,No
A,Male,No
A,Male,No
A,Male,No
A,Male,No
A,Male,No
A,Male,No
A,Male,No
A,Male,No
A,Male,No
A,Male,No
A,Male,No
A,Male,No
A,Male,No
A,Male,No
A,Male,No
A,Male,No
A,Male,No
A,Male,No
A,Male,No
A,Male,No
A,Male,No
A,Male,No
A,Male,No
A,Male,No
A,Male,No
A,Male,No
A,Male,No
A,Male,No
A,Male,No
A,Male,No
A,Male,No
A,Male,No
A,Male,No
A,Male,No
A,Male,No
A,Male,No
A,Male,No
A,Male,No
A,Male,No
A,Male,No
A,Male,No
A,Male,No
A,Male,No
A,Male,No
A,Male,No
A,Male,No
A,Male,No
A,Male,No
A,Male,No
A,Male,No
A,Male,No
A,Male,No
A,Male,No
A,Male,No
A,Male,No
A,Male,No
A,Male,No
A,Male,No
A,Male,No
A,Male,No
A,Male,No
A,Male,No
A,Male,No
A,Male,No
A,Male,No
A,Male,No
A,Male,No
A,Male,No
A,Male,No
A,Male,No
A,Male,No
A,Male,No
A,Male,No
A,Male,No
A,Male,No
A,Male,No
A,Male,No
A,Male,No
A,Male,No
A,Male,No
A,Male,No
A,Male,No
A,Male,No
A,Male,No
A,Male,No
A,Male,No
A,Male,No
A,Male,No
A,Male,No
A,Male,No
A,Male,No
A,Male,No
A,Male,No
A,Male,No
A,Male,No
A,Male,No
A,Male,No
A,Male,No
A,Male,No
A,Male,No
A,Male,No
A,Male,No
A,Male,No
A,Male,No
A,Male,No
A,Male,No
A,Male,No
A,Male,No
A,Male,No
A,Male,No
A,Male,No
A,Male,No
A,Male,No
A,Male,No
A,Male,No
A,Male,No
A,Male,No
A,Male,No
A,Male,No
A,Male,No
A,Male,No
A,Male,No
A,Male,No
A,Male,No
A,Male,No
A,Male,No
A,Male,No
A,Male,No
A,Male,No
A,Male,No
A,Male,No
A,Male,No
A,Male,No
A,Male,No
A,Male,No
A,Male,No
A,Male,No
A,Male,No
A,Male,No
A,Male,No
A,Male,No
A,Male,No
A,Male,No
A,Male,No
A,Male,No
A,Male,No
A,Male,No
A,Male,No
A,Male,No
A,Male,No
A,Female,No
A,Female,No
A,Female,No
A,Female,No
A,Female,No
A,Female,No
A,Female,No
A,Female,No
A,Female,No
A,Female,No
A,Female,No
A,Female,No
A,Female,No
A,Female,No
A,Female,No
A,Female,No
A,Female,No
A,Female,No
A,Female,No
A,Female,Yes
A,Female,Yes
A,Female,Yes
A,Female,Yes
A,Female,Yes
A,Female,Yes
A,Female,Yes
A,Female,Yes
A,Female,Yes
A,Female,Yes
A,Female,Yes
A,Female,Yes
A,Female,Yes
A,Female,Yes
A,Female,Yes
A,Female,Yes
A,Female,Yes
A,Female,Yes
A,Female,Yes
A,Female,Yes
A,Female,Yes
A,Female,Yes
A,Female,Yes
A,Female,Yes
A,Female,Yes
A,Female,Yes
A,Female,Yes
A,Female,Yes
A,Female,Yes
A,Female,Yes
A,Female,Yes
A,Female,Yes
A,Female,Yes
A,Female,Yes
A,Female,Yes
A,Female,Yes
A,Female,Yes
A,Female,Yes
A,Female,Yes
A,Female,Yes
A,Female,Yes
A,Female,Yes
A,Female,Yes
A,Female,Yes
A,Female,Yes
A,Female,Yes
A,Female,Yes
A,Female,Yes
A,Female,Yes
A,Female,Yes
A,Female,Yes
A,Female,Yes
A,Female,Yes
A,Female,Yes
A,Female,Yes
A,Female,Yes
A,Female,Yes
A,Female,Yes
A,Female,Yes
A,Female,Yes
A,Female,Yes
A,Female,Yes
A,Female,Yes
A,Female,Yes
A,Female,Yes
A,Female,Yes
A,Female,Yes
A,Female,Yes
A,Female,Yes
A,Female,Yes
A,Female,Yes
A,Female,Yes
A,Female,Yes
A,Female,Yes
A,Female,Yes
A,Female,Yes
A,Female,Yes
A,Female,Yes
A,Female,Yes
A,Female,Yes
A,Female,Yes
A,Female,Yes
A,Female,Yes
A,Female,Yes
A,Female,Yes
A,Female,Yes
A,Female,Yes
A,Female,Yes
A,Female,Yes
F,Male,Yes
F,Male,Yes
F,Male,Yes
F,Male,Yes
F,Male,Yes
F,Male,Yes
F,Male,Yes
F,Male,Yes
F,Male,Yes
F,Male,Yes
F,Male,Yes
F,Male,Yes
F,Male,Yes
F,Male,Yes
F,Male,Yes
F,Male,Yes
F,Male,Yes
F,Male,Yes
F,Male,Yes
F,Male,Yes
F,Male,Yes
F,Male,Yes
F,Male,No
F,Male,No
F,Male,No
F,Male,No
F,Male,No
F,Male,No
F,Male,No
F,Male,No
F,Male,No
F,Male,No
F,Male,No
F,Male,No
F,Male,No
F,Male,No
F,Male,No
F,Male,No
F,Male,No
F,Male,No
F,Male,No
F,Male,No
F,Male,No
F,Male,No
F,Male,No
F,Male,No
F,Male,No
F,Male,No
F,Male,No
F,Male,No
F,Male,No
F,Male,No
F,Male,No
F,Male,No
F,Male,No
F,Male,No
F,Male,No
F,Male,No
F,Male,No
F,Male,No
F,Male,No
F,Male,No
F,Male,No
F,Male,No
F,Male,No
F,Male,No
F,Male,No
F,Male,No
F,Male,No
F,Male,No
F,Male,No
F,Male,No
F,Male,No
F,Male,No
F,Male,No
F,Male,No
F,Male,No
F,Male,No
F,Male,No
F,Male,No
F,Male,No
F,Male,No
F,Male,No
F,Male,No
F,Male,No
F,Male,No
F,Male,No
F,Male,No
F,Male,No
F,Male,No
F,Male,No
F,Male,No
F,Male,No
F,Male,No
F,Male,No
F,Male,No
F,Male,No
F,Male,No
F,Male,No
F,Male,No
F,Male,No
F,Male,No
F,Male,No
F,Male,No
F,Male,No
F,Male,No
F,Male,No
F,Male,No
F,Male,No
F,Male,No
F,Male,No
F,Male,No
F,Male,No
F,Male,No
F,Male,No
F,Male,No
F,Male,No
F,Male,No
F,Male,No
F,Male,No
F,Male,No
F,Male,No
F,Male,No
F,Male,No
F,Male,No
F,Male,No
F,Male,No
F,Male,No
F,Male,No
F,Male,No
F,Male,No
F,Male,No
F,Male,No
F,Male,No
F,Male,No
F,Male,No
F,Male,No
F,Male,No
F,Male,No
F,Male,No
F,Male,No
F,Male,No
F,Male,No
F,Male,No
F,Male,No
F,Male,No
F,Male,No
F,Male,No
F,Male,No
F,Male,No
F,Male,No
F,Male,No
F,Male,No
F,Male,No
F,Male,No
F,Male,No
F,Male,No
F,Male,No
F,Male,No
F,Male,No
F,Male,No
F,Male,No
F,Male,No
F,Male,No
F,Male,No
F,Male,No
F,Male,No
F,Male,No
F,Male,No
F,Male,No
F,Male,No
F,Male,No
F,Male,No
F,Male,No
F,Male,No
F,Male,No
F,Male,No
F,Male,No
F,Male,No
F,Male,No
F,Male,No
F,Male,No
F,Male,No
F,Male,No
F,Male,No
F,Male,No
F,Male,No
F,Male,No
F,Male,No
F,Male,No
F,Male,No
F,Male,No
F,Male,No
F,Male,No
F,Male,No
F,Male,No
F,Male,No
F,Male,No
F,Male,No
F,Male,No
F,Male,No
F,Male,No
F,Male,No
F,Male,No
F,Male,No
F,Male,No
F,Male,No
F,Male,No
F,Male,No
F,Male,No
F,Male,No
F,Male,No
F,Male,No
F,Male,No
F,Male,No
F,Male,No
F,Male,No
F,Male,No
F,Male,No
F,Male,No
F,Male,No
F,Male,No
F,Male,No
F,Male,No
F,Male,No
F,Male,No
F,Male,No
F,Male,No
F,Male,No
F,Male,No
F,Male,No
F,Male,No
F,Male,No
F,Male,No
F,Male,No
F,Male,No
F,Male,No
F,Male,No
F,Male,No
F,Male,No
F,Male,No
F,Male,No
F,Male,No
F,Male,No
F,Male,No
F,Male,No
F,Male,No
F,Male,No
F,Male,No
F,Male,No
F,Male,No
F,Male,No
F,Male,No
F,Male,No
F,Male,No
F,Male,No
F,Male,No
F,Male,No
F,Male,No
F,Male,No
F,Male,No
F,Male,No
F,Male,No
F,Male,No
F,Male,No
F,Male,No
F,Male,No
F,Male,No
F,Male,No
F,Male,No
F,Male,No
F,Male,No
F,Male,No
F,Male,No
F,Male,No
F,Male,No
F,Male,No
F,Male,No
F,Male,No
F,Male,No
F,Male,No
F,Male,No
F,Male,No
F,Male,No
F,Male,No
F,Male,No
F,Male,No
F,Male,No
F,Male,No
F,Male,No
F,Male,No
F,Male,No
F,Male,No
F,Male,No
F,Male,No
F,Male,No
F,Male,No
F,Male,No
F,Male,No
F,Male,No
F,Male,No
F,Male,No
F,Male,No
F,Male,No
F,Male,No
F,Male,No
F,Male,No
F,Male,No
F,Male,No
F,Male,No
F,Male,No
F,Male,No
F,Male,No
F,Male,No
F,Male,No
F,Male,No
F,Male,No
F,Male,No
F,Male,No
F,Male,No
F,Male,No
F,Male,No
F,Male,No
F,Male,No
F,Male,No
F,Male,No
F,Male,No
F,Male,No
F,Male,No
F,Male,No
F,Male,No
F,Male,No
F,Male,No
F,Male,No
F,Male,No
F,Male,No
F,Male,No
F,Male,No
F,Male,No
F,Male,No
F,Male,No
F,Male,No
F,Male,No
F,Male,No
F,Male,No
F,Male,No
F,Male,No
F,Male,No
F,Male,No
F,Male,No
F,Male,No
F,Male,No
F,Male,No
F,Male,No
F,Male,No
F,Male,No
F,Male,No
F,Male,No
F,Male,No
F,Male,No
F,Male,No
F,Male,No
F,Male,No
F,Male,No
F,Male,No
F,Male,No
F,Male,No
F,Male,No
F,Male,No
F,Male,No
F,Male,No
F,Male,No
F,Male,No
F,Female,Yes
F,Female,Yes
F,Female,Yes
F,Female,Yes
F,Female,Yes
F,Female,Yes
F,Female,Yes
F,Female,Yes
F,Female,Yes
F,Female,Yes
F,Female,Yes
F,Female,Yes
F,Female,Yes
F,Female,Yes
F,Female,Yes
F,Female,Yes
F,Female,Yes
F,Female,Yes
F,Female,Yes
F,Female,Yes
F,Female,Yes
F,Female,Yes
F,Female,Yes
F,Female,Yes
F,Female,No
F,Female,No
F,Female,No
F,Female,No
F,Female,No
F,Female,No
F,Female,No
F,Female,No
F,Female,No
F,Female,No
F,Female,No
F,Female,No
F,Female,No
F,Female,No
F,Female,No
F,Female,No
F,Female,No
F,Female,No
F,Female,No
F,Female,No
F,Female,No
F,Female,No
F,Female,No
F,Female,No
F,Female,No
F,Female,No
F,Female,No
F,Female,No
F,Female,No
F,Female,No
F,Female,No
F,Female,No
F,Female,No
F,Female,No
F,Female,No
F,Female,No
F,Female,No
F,Female,No
F,Female,No
F,Female,No
F,Female,No
F,Female,No
F,Female,No
F,Female,No
F,Female,No
F,Female,No
F,Female,No
F,Female,No
F,Female,No
F,Female,No
F,Female,No
F,Female,No
F,Female,No
F,Female,No
F,Female,No
F,Female,No
F,Female,No
F,Female,No
F,Female,No
F,Female,No
F,Female,No
F,Female,No
F,Female,No
F,Female,No
F,Female,No
F,Female,No
F,Female,No
F,Female,No
F,Female,No
F,Female,No
F,Female,No
F,Female,No
F,Female,No
F,Female,No
F,Female,No
F,Female,No
F,Female,No
F,Female,No
F,Female,No
F,Female,No
F,Female,No
F,Female,No
F,Female,No
F,Female,No
F,Female,No
F,Female,No
F,Female,No
F,Female,No
F,Female,No
F,Female,No
F,Female,No
F,Female,No
F,Female,No
F,Female,No
F,Female,No
F,Female,No
F,Female,No
F,Female,No
F,Female,No
F,Female,No
F,Female,No
F,Female,No
F,Female,No
F,Female,No
F,Female,No
F,Female,No
F,Female,No
F,Female,No
F,Female,No
F,Female,No
F,Female,No
F,Female,No
F,Female,No
F,Female,No
F,Female,No
F,Female,No
F,Female,No
F,Female,No
F,Female,No
F,Female,No
F,Female,No
F,Female,No
F,Female,No
F,Female,No
F,Female,No
F,Female,No
F,Female,No
F,Female,No
F,Female,No
F,Female,No
F,Female,No
F,Female,No
F,Female,No
F,Female,No
F,Female,No
F,Female,No
F,Female,No
F,Female,No
F,Female,No
F,Female,No
F,Female,No
F,Female,No
F,Female,No
F,Female,No
F,Female,No
F,Female,No
F,Female,No
F,Female,No
F,Female,No
F,Female,No
F,Female,No
F,Female,No
F,Female,No
F,Female,No
F,Female,No
F,Female,No
F,Female,No
F,Female,No
F,Female,No
F,Female,No
F,Female,No
F,Female,No
F,Female,No
F,Female,No
F,Female,No
F,Female,No
F,Female,No
F,Female,No
F,Female,No
F,Female,No
F,Female,No
F,Female,No
F,Female,No
F,Female,No
F,Female,No
F,Female,No
F,Female,No
F,Female,No
F,Female,No
F,Female,No
F,Female,No
F,Female,No
F,Female,No
F,Female,No
F,Female,No
F,Female,No
F,Female,No
F,Female,No
F,Female,No
F,Female,No
F,Female,No
F,Female,No
F,Female,No
F,Female,No
F,Female,No
F,Female,No
F,Female,No
F,Female,No
F,Female,No
F,Female,No
F,Female,No
F,Female,No
F,Female,No
F,Female,No
F,Female,No
F,Female,No
F,Female,No
F,Female,No
F,Female,No
F,Female,No
F,Female,No
F,Female,No
F,Female,No
F,Female,No
F,Female,No
F,Female,No
F,Female,No
F,Female,No
F,Female,No
F,Female,No
F,Female,No
F,Female,No
F,Female,No
F,Female,No
F,Female,No
F,Female,No
F,Female,No
F,Female,No
F,Female,No
F,Female,No
F,Female,No
F,Female,No
F,Female,No
F,Female,No
F,Female,No
F,Female,No
F,Female,No
F,Female,No
F,Female,No
F,Female,No
F,Female,No
F,Female,No
F,Female,No
F,Female,No
F,Female,No
F,Female,No
F,Female,No
F,Female,No
F,Female,No
F,Female,No
F,Female,No
F,Female,No
F,Female,No
F,Female,No
F,Female,No
F,Female,No
F,Female,No
F,Female,No
F,Female,No
F,Female,No
F,Female,No
F,Female,No
F,Female,No
F,Female,No
F,Female,No
F,Female,No
F,Female,No
F,Female,No
F,Female,No
F,Female,No
F,Female,No
F,Female,No
F,Female,No
F,Female,No
F,Female,No
F,Female,No
F,Female,No
F,Female,No
F,Female,No
F,Female,No
F,Female,No
F,Female,No
F,Female,No
F,Female,No
F,Female,No
F,Female,No
F,Female,No
F,Female,No
F,Female,No
F,Female,No
F,Female,No
F,Female,No
F,Female,No
F,Female,No
F,Female,No
F,Female,No
F,Female,No
F,Female,No
F,Female,No
F,Female,No
F,Female,No
F,Female,No
F,Female,No
F,Female,No
F,Female,No
F,Female,No
F,Female,No
F,Female,No
F,Female,No
F,Female,No
F,Female,No
F,Female,No
F,Female,No
F,Female,No
F,Female,No
F,Female,No
F,Female,No
